LEMMA,POS,SENT_ID,,SENT_ID,,SENT_ID,,ENOUGH_CONTEXT_SENTENCES?,“POLYSEMY”,,
bordo,NOM,1762730,,969950,,10444760,,X,,,
alternare,VER,3030534,,,,,,,,,
personalmente,ADV,503559,,2224274,,977536,,X,,,
riportare,VER,2131271,,9356818,,9365936,,X,,,
sbagliato,ADJ,715238,,2280447,,978799,,X,,,
presentazione ,NOM,1250946,,10463621,,10286047,,X,,,
limitare,VER,2187674,,1851297,,3410472,,X,,,
semplice,ADJ,4391370,,2990713,,1687448,,X,,,
cliente,NOM,1005627,,5364183,,1622817,,X,,,
corte,NOM,9853032,,9214787,,9278526,,X,,,
fissare,VER,9261927,,9929743,,,,,qualcosa si fissa nella memoria,,
comunicare,VER,1758803,,1878306,,3352980,,X,,,
impiegare,VER,2028978,,1776893,,10025446,,X,impiegare del tempo,,
coperto,ADJ,9320653,,9156634,,10057705,,X,,,
severo,ADJ,387331,,1032314,,10386392,,X,,,
fisica,NOM,10261471,,10094482,,10056976,,X,,,
caratteristica,NOM,2112390,,1872727,,2427303,,X,,,
spina,NOM,664230,,9280432,,,,,,,
impaziente,ADJ,9185742,,10010350,,9668871,,X,,,
improvviso,ADJ,948240,,713993,,706823,,X,,,
ricostituire,VER,,,,,,,,,,
sottovalutare,VER,755767,,10146768,,10343925,,X,,,
fastidio,NOM,9949097,,9409126,,9500064,,X,,,
legato,ADJ,9148556,,10305040,,9519706,,X,"legata alla tradizione, luoghi legati a Leonardo",,
liceo,NOM,539006,,10157205,,9647267,,X,,,
oceano,NOM,967363,,7893555,,10060530,,X,,,
allestire,VER,,,,,,,,,,
stabilire,VER,,,,,,,,"stabilirsi in un luogo, rimanere lì fissi",,
ingiustizia,NOM,9421851,,9675069,,,,,,,
furbo,ADJ,2474495,,3094002,,10002121,,X,,,
discendente,NOM,,,,,,,,,,
risultare,VER,701134,,9107434,,9661735,,X,,,
abitudine,NOM,1295830,,955236,,4908210,,X,,,
smarrimento,NOM,,,,,,,,,,
ciliegio,NOM,,,,,,,,,,
collaborazione,NOM,9613620,,9627499,,10158487,,X,,,
coprire,VER,4998946,,1700583,,1455157,,X,,,
colle,NOM,,,,,,,,,,
perfetto,ADJ,4883579,,996082,,9894380,,X,,,
pagamento,NOM,10072049,,9552673,,9157449,,X,,,
monitorare,VER,,,,,,,,,,
pensionato,ADJ,,,,,,,,,,
apertura,NOM,,,,,,,,,,
rischio,NOM,4381,,1083505,,351151,,X,,,
riprendere,VER,10058320,,,,,,,"telecamere riprendono qlcs, riprendersi da un lungo viaggio",,
cattiveria,NOM,9329692,,9666767,,9101847,,X,,,
smog,NOM,715193,,,,,,,,,
bocciare,VER,3987348,,9407559,,9889746,,X,,,
decennio,NOM,,,,,,,,,,
scivolo,NOM,,,,,,,,,,
percorso,NOM,2426845,,9070233,,9877556,,X,,,
psicologo,NOM,1578295,,1415894,,10352815,,X,,,
grigliata,NOM,10496706,,,,,,,,,
discutere,VER,3030588,,3468526,,3274784,,X,,,
sfruttare,VER,9186043,,9956951,,10116948,,X,,,
unico,ADJ,3352814,,2207159,,5540977,,X,,,
colpire,VER,3290750,,5050615,,9068823,,X,colpire (metaforicamente),,
ricominciare,VER,1722431,,9773133,,9771690,,X,,,
oggigiorno,ADV,,,,,,,,,,
rinunciare,VER,387334,,2426163,,9165181,,X,,,
fa,ADV,3663850,,2430136,,2383867,,X,,,
fornire,VER,3007210,,903229,,2577344,,X,,,
reinserire,VER,,,,,,,,,,
bisognare,VER,3548210,,2209460,,1843921,,X,,,
rimbalzare,VER,10236699,,10394885,,9904551,,X,,,
divertire,VER,2476415,,930652,,9091426,,X,,,
professione,NOM,10057307,,9988351,,10384925,,X,,,
inno,NOM,2758474,,9868721,,9575895,,X,,,
canile,NOM,10261960,,,,,,,,,
relativo,ADJ,,,,,,,,competenze relative a differenti settori,,
territorio,NOM,2430214,,750019,,2201303,,X,,,
purtroppo,ADV,2402142,,2124137,,2515979,,X,,,
torrente,NOM,9120055,,9151729,,10455471,,X,,,
marciapiede,NOM,4998946,,9636155,,10486303,,X,,,
respirare,VER,1844768,,1719412,,841126,,X,,,
sostanza,NOM,1545193,,966176,,10461837,,X,,,
artista,NOM,6607026,,3399401,,7242991,,X,,,
superiore,ADJ,716315,,4852668,,10369928,,X,,,
mostro,NOM,1101567,,10253458,,10059232,,X,,,
multimediale,ADJ,,,,,,,,,,
invenzione,NOM,4700345,,7713787,,374605,,X,,,
modello,NOM,1677491,,10022041,,9633386,,X,"modello di macchina, un modello che gli adulti non devono copiare",,
fiscale,ADJ,9640775,,,,,,,,,
allegare,VER,350371,,,,,,,,,
repubblica,NOM,2458125,,9446232,,10007813,,X,,,
derubare,VER,10162692,,9643882,,9274923,,X,,,
svedese,,2448087,,,,,,,,,
conclusione,NOM,3654930,,9539529,,9489489,,X,,,
requisito,NOM,,,,,,,,,,
ammalare,VER,2878565,,2206057,,1086137,,X,,,
distruggere,VER,1137657,,3296228,,9487889,,X,,,
combinazione,NOM,503559,,9277459,,10358255,,X,,,
pianista,NOM,500227,,9211911,,9406034,,X,,,
scottare,VER,,,,,,,,scottarsi,,
tariffa,NOM,9143630,,9261922,,10028548,,X,,,
familiare,NOM,,,,,,,,,,
ingannare,VER,3164266,,1606313,,9517703,,X,,,
curatore,NOM,,,,,,,,,,
legame,NOM,9099844,,9799367,,9877849,,X,,,
probabilità,NOM,10473799,,9430267,,10167416,,X,,,
contatto,NOM,350360,,755316,,2437991,,X,"rimanere in contatto, contatto su social media",,
entusiasmo,NOM,382832,,4915198,,10492908,,X,,,
apprezzare,VER,2137491,,1227329,,2198475,,X,,,
altezza,NOM,9361677,,10149027,,9194720,,X,,,
presenza,NOM,10438236,,9281593,,10386269,,X,,,
impegnare,VER,,,,,,,,,,
pigrizia,NOM,,,,,,,,,,
tomba,NOM,4718301,,10165385,,9396090,,X,,,
ampliare,VER,9889716,,,,,,,,,
agitazione,NOM,9593796,,9500055,,10246384,,X,,,
scambio,NOM,2421669,,10377647,,9031388,,X,,,
montascale,NOM,,,,,,,,,,
mantenere,VER,727153,,1516964,,979782,,X,,,
ambiente,NOM,999987,,,,,,,ambiente naturale,,
scomparso,ADJ,10319624,,9817328,,9619736,,X,"different POS in the context sentences, but ok for meaning",,
istituto,NOM,538991,,,,,,,,,
contattare,VER,1073334,,10121225,,10124975,,X,,,
opinione,NOM,388814,,4853062,,423778,,X,,,
ventenne,ADJ,9045476,,,,,,,,,
massa,NOM,1325453,,10059519,,9319354,,X,massa grassa,,
consigliare,VER,527178,,350630,,3650563,,X,,,
calore,NOM,2577344,,379772,,379771,,X,,,
comune,NOM,,,,,,,,,,
comune,ADJ,1152804,,1806206,,3003302,,X,,,
bozza,NOM,10288316,,9322076,,9023776,,X,,,
gridare,VER,3239441,,9459110,,9377246,,X,,,
migliorare,VER,1798069,,2998340,,9512767,,X,,,
presente,ADJ,609598,,609639,,917388,,X,,,
metallo,NOM,9987516,,9004692,,10404391,,X,,,
folle,ADJ,2231635,,9022092,,10460024,,X,,,
orale,ADJ,4518,,,,,,,,,
quadrare,VER,,,,,,,,,,
arricchire,VER,9201196,,9770588,,,,,un’esperienza che arricchisce,,
sacrificio,NOM,1514736,,9580773,,10163997,,X,,,
fruttivendolo,NOM,10085815,,,,,,,,,
scadere,VER,1417183,,1854850,,10284229,,X,scadere del tempo,,
avvicinare,VER,4525811,,1101811,,10248653,,X,sia transitivo che riflessivo,,
distinguere,VER,1438610,,715238,,1405149,,X,,,
bravata,NOM,,,,,,,,,,
castello,NOM,1117127,,4473948,,9853366,,X,,,
controllo,NOM,6699603,,1689096,,10422692,,X,,,
valore,NOM,1606313,,1919313,,2895969,,X,,,
gettare,VER,864999,,998867,,9647943,,X,,,
consegna,NOM,350327,,3405784,,9847172,,X,,,
spogliare,VER,10218485,,,,,,,,,
importanza,NOM,1794726,,5981266,,4595,,X,,,
costume,NOM,2774556,,9761017,,10369114,,X,,,
diffondere,VER,9422468,,9750650,,9389229,,X,,,
capacità,NOM,2784746,,874413,,2427303,,X,,,
liquido,NOM,1827103,,9598774,,9564471,,X,,,
avvenimento,NOM,9887059,,9917624,,10318538,,X,,,
sito,NOM,,,,,,,,sito web,,
condizione,NOM,4484103,,4583641,,3059136,,X,in certe condizioni; il libro si può prendere a condizione che…,,
scoprire,VER,852947,,928141,,429424,,X,,,
invio,NOM,,,,,,,,,,
informatico,NOM,,,,,,,,,,
informatico,ADJ,10089929,,10216207,,3272231,,X,,,
proporre,VER,412799,,1870191,,10041310,,X,,,
esagerare,VER,10382664,,9681792,,9759514,,X,,,
sostenere,VER,1763786,,3391616,,3391624,,X,,,
gratuitamente,ADV,4075159,,9039524,,9510357,,X,,,
tipico,ADJ,10048212,,10173627,,9480788,,X,,,
speranza,NOM,966474,,632989,,429388,,X,,,
valle,NOM,10037940,,,,,,,,,
dipendenza,NOM,3044958,,10373562,,10304997,,X,,,
dato,,393854,,,,,,,,,
occupare,VER,3710929,,1751834,,10488051,,X,si occupa dei diritti delle persone più deboli/ si occupa di cani abbandonati,,
duramente,ADV,4509049,,1086137,,3388923,,X,,,
assumere,VER,4922690,,,,,,,"assumere vitamine, assumere un’importanza particolare",,
dinamico,ADJ,10372152,,9452830,,10011956,,X,carattere dinamico e aperto,,
ricerca,NOM,1857421,,373843,,10443080,,X,,,
grotta,NOM,,,,,,,,,,
attesa,NOM,6980566,,9169830,,10318119,,X,,,
inevitabile,ADJ,9990256,,9650736,,9154581,,X,,,
abbandonato,ADJ,9928220,,9390771,,9170305,,X,,,
comparire,VER,10464150,,,,,,,,,
rappresentare,VER,833616,,3350711,,4420737,,X,,,
vantaggioso,ADJ,,,,,,,,,,
parcheggiare,VER,3262861,,2268230,,10140804,,X,,,
scolastico,ADJ,2201230,,3414305,,409295,,X,,,
talento,NOM,2127898,,9347532,,9689284,,X,,,
direzionare,VER,,,,,,,,,,
sintomo,NOM,1265056,,9728773,,10217322,,X,,,
sanità,NOM,399343,,,,,,,,,
terribilmente,ADV,2221839,,10092093,,9906972,,X,,,
base,NOM,1578295,,2943707,,2456034,,X,a base di pasta / basi teoriche / alla base di qualcosa / condizione base,,in base a 
composizione,NOM,9007035,,,,,,,composizione musicale,,
ampliamento,NOM,,,,,,,,,,
iscrivere,VER,508077,,9958294,,,,,,,
obbligo,NOM,9317806,,10197394,,9452239,,X,,,
lusso,NOM,3566763,,9326768,,9254699,,X,,,
rallegrare,VER,2784799,,,,,,,,,
disegno,NOM,10370622,,9993182,,3078245,,X,,,
chissà,ADV,3671416,,1765896,,10139724,,X,,,
saziare,VER,10141594,,,,,,,,,
malessere,NOM,9312251,,9625148,,9438677,,X,,,
cuoco,NOM,9450419,,9535736,,9551310,,X,,,
fingere,VER,2706263,,4954629,,990630,,X,,,
dimostrare,VER,2430335,,4551848,,1859693,,X,,,
svuotare,VER,9930161,,9154452,,9999666,,X,,,
bruciare,VER,1765084,,3270928,,5901662,,X,,,
sottolineatura,NOM,,,,,,,,,,
adorare,VER,375457,,930997,,1645575,,X,,,
azienda,NOM,3456502,,2213818,,1838484,,X,,,
termine,NOM,756461,,720451,,9831754,,X,termine inteso come parola,,
confronto,NOM,1912817,,2195967,,1108875,,X,,,
destinatario,NOM,9938619,,,,,,,,,
associazione,NOM,9646621,,1020523,,9875094,,X,,,
struttura,NOM,2863868,,1853823,,9767885,,X,,,
confrontare,VER,1844156,,2430893,,1853138,,X,,,
resistenza,NOM,9487889,,9282774,,9866589,,X,,,
scritto,ADJ,380539,,4542501,,4999310,,X,esame scritto,,
registrare,VER,9055817,,,,,,,ti devi registrare al sito,,
grandezza,NOM,10228570,,9029753,,10427227,,X,,,
notare,VER,1853832,,5005247,,894220,,X,,,
trovare,VER,9467835,,,,,,,,,
stomaco,NOM,1915002,,691418,,2993496,,X,,,
cinta,NOM,9637637,,,,,,,,,
super,,,,,,,,,,,
nazionale,ADJ,1635133,,2335211,,2283512,,X,,,
nemico,NOM,9697619,,862245,,1101811,,X,,,
confortevole,ADJ,10103353,,9340253,,10241041,,X,,,
avvenire,VER,612176,,1063154,,3745052,,X,,,
inglese,,,,,,,,,,,
radicalmente,ADV,1718953,,9934225,,9859319,,X,,,
illustre,ADJ,1211170,,9568606,,9697818,,X,,,
accadere,VER,1516789,,694025,,3297775,,X,,,
fattore,NOM,1865863,,1853101,,10431656,,X,,,
balletto,NOM,9281747,,9212151,,9209596,,X,,,
dolore,NOM,935782,,422481,,1343958,,X,,,
maggiormente,ADV,2201288,,,,,,,,,
stupire,VER,2277251,,3174310,,630482,,X,,,
comodamente,ADV,9677253,,9218873,,10047807,,X,,,
invitato,NOM,,,,,,,,,,
preoccupare,VER,860617,,2193564,,2784835,,X,,,
comunicativo,ADJ,,,,,,,,,,
vivace,ADJ,10074825,,9313755,,9864370,,X,,,
cauto,ADJ,10398936,,,,,,,,,
giuria,NOM,9740700,,9751820,,10238721,,X,,,
panorama,NOM,403026,,9433182,,10121584,,X,,,
fantasioso,ADJ,,,,,,,,,,
fede,NOM,1664836,,4700837,,9534444,,X,,,
decorare,VER,2189454,,9626595,,10280107,,X,,,
sottoporre,VER,602293,,749956,,10320306,,X,,,
passo,NOM,2426824,,1183610,,3406992,,X,,,
consiliare,ADJ,,,,,,,,,,
alunno,NOM,3056945,,2291338,,,,,,,
discendere,VER,2056533,,976832,,,,,,,
smettere,VER,759863,,383777,,3369600,,X,,,
finalista,NOM,9740700,,,,,,,,,
pastore,NOM,9190415,,,,,,,,,
salire,VER,1309738,,1588671,,9578439,,X,,,
inventore,NOM,,,,,,,,,,
grammaticale,ADJ,,,,,,,,,,
specificatamente,ADV,9607756,,,,,,,,,
candidato,NOM,9463647,,9168738,,9960619,,X,,,
pubblicizzare,VER,10120446,,,,,,,,,
impedire,VER,1842400,,377115,,10318723,,X,,,
editoria,NOM,,,,,,,,,,
concittadino,NOM,,,,,,,,,,
ministro,NOM,841779,,642653,,2151366,,X,,,
totale,ADJ,4610281,,9426031,,10061469,,X,,,
arrostito,ADJ,,,,,,,,,,
smarrito,ADJ,9156538,,9389053,,10225098,,X,,,
romanzo,NOM,4166917,,636143,,3629194,,X,,,
esigente,ADJ,3260860,,9400876,,9143605,,X,,,
apprendere,VER,9282010,,,,,,,,,
ostacolare,VER,9732086,,9702782,,9335005,,X,,,
consumo,NOM,2416904,,1765048,,10115321,,X,,,
dimagrante,ADJ,,,,,,,,,,
considerevole,ADJ,9365127,,9821694,,9975626,,X,,,
copia,NOM,2576399,,9563834,,10375521,,X,,,
adottare,VER,9972513,,10467758,,10467730,,X,,,
spagnolo,,,,,,,,,,,
possibilità,NOM,1878618,,3769842,,2442151,,X,,,
tavola,NOM,4504981,,4542505,,10220391,,X,,,
prevenire,VER,946780,,9707412,,9513068,,X,,,
coordinare,VER,9723397,,,,,,,,,
concorso,NOM,9409295,,9905971,,10197505,,X,,,
massimo,NOM,2215457,,10393528,,9982570,,X,,,
massimo,ADJ,4841388,,9831777,,9416348,,X,POLYSEMY,,
rapporto,NOM,2438460,,1852464,,1840935,,X,,,
importare,VER,2782288,,2205998,,1872402,,X,,,
ascoltatore,NOM,9026529,,,,,,,,,
imbianchino,NOM,,,,,,,,,,
orgoglio,NOM,9970363,,10441803,,10247115,,X,,,
specialistico,ADJ,,,,,,,,,,
strumento,NOM,2205998,,2477732,,1869319,,X,POLYSEMY,,
immaginare,VER,1677682,,2440528,,903213,,X,,,
agricoltore,NOM,2429163,,9031846,,4954359,,X,,,
violino,NOM,351824,,10104450,,10104451,,X,,,
evolutivo,ADJ,,,,,,,,,,
istituzione,NOM,10490667,,,,,,,,,
secolo,NOM,3841610,,2575471,,1313205,,X,,,
arabo,,,,,,,,,,,
inaugurare,VER,9070330,,10330693,,10330681,,X,,,
coppa,NOM,1265197,,9146242,,9679086,,X,,,
posizione,NOM,9058654,,10104709,,10040523,,X,posizione lavorativa,,
esploratore,NOM,9155737,,,,,,,,,
carboidrato,NOM,,,,,,,,,,
iniziativa,NOM,4394279,,1834083,,10038788,,X,,,
fisico,ADJ,2426969,,10264304,,10300700,,X,,,
atteggiamento,NOM,9505886,,9993311,,10376065,,X,,,
borsetta,,,,,,,,,,,
mediocre,ADJ,9770537,,10065972,,2632781,,X,,,
soffrire,VER,4922687,,2943755,,666011,,X,,,
imperatore,NOM,569338,,10109592,,9465087,,X,,,
notizia,NOM,1758771,,1772889,,375246,,X,,,
complesso,ADJ,2038916,,3753377,,3077830,,X,POLYSEMY,,
magnifico,ADJ,9099490,,10014390,,9095695,,X,,,
assieme,ADV,4377786,,3576088,,1577853,,X,,,
manifestazione,NOM,9000781,,10005480,,9672407,,X,,,
statua,NOM,9289348,,9756654,,9113212,,X,,,
disavventura,NOM,,,,,,,,,,
intero,ADJ,4862991,,621047,,947745,,X,POLYSEMY,,
maturità,NOM,9407559,,9407795,,,,,,,
ferire,VER,1762755,,2209370,,2963083,,X,,,
rispettare,VER,2092829,,3545639,,5534295,,X,,,
prediligere,VER,,,,,,,,,,
inquinamento,NOM,,,,,,,,,,
lupo,NOM,628056,,872051,,9572789,,X,,,
vario,ADJ,2162898,,2510709,,3025401,,X,POLYSEMY,,
produzione,NOM,10467471,,10199103,,10220226,,X,produzione di automobili,,
graduale,ADJ,,,,,,,,,,
indispensabile,ADJ,9981545,,9202986,,10318282,,X,,,
voluttà,NOM,,,,,,,,,,
compositore,NOM,401495,,6140291,,10058425,,X,compositore musicale,,
desiderare,VER,5792117,,1834561,,4684,,X,,,
archeologia,NOM,9019571,,,,,,,,,
superbia,NOM,9771258,,9637038,,,,,,,
colpa,NOM,1858526,,4525811,,10087466,,X,,,
bilancio ,NOM,2050233,,10075362,,9068799,,X,,,
proposta,NOM,1842563,,4553452,,4510,,X,,,
questione,NOM,4558,,1754616,,2867846,,X,POLYSEMY,,
scannerizzare,VER,,,,,,,,,,
necessario,ADJ,4925416,,5800765,,373858,,X,,,
basare,VER,1200965,,3269735,,1964322,,X,,,
abbattere,VER,992748,,4703557,,432995,,X,,,
emozionante,ADJ,3435789,,2412248,,9225804,,X,,,
trasmettere,VER,9022629,,9026533,,9569307,,X,"trasmettere segnale, trasmettere valori ai figli",,
concessione,NOM,,,,,,,,,,
pratica,NOM,,,,,,,,pratica dei viaggi low cost,,
nessuno,ADJ,2912961,,2227907,,5562486,,X,,,
utente,NOM,727003,,,,,,,,,
poliziotto,NOM,1765105,,2685546,,5770292,,X,,,
sicuramente,ADV,3987348,,9503460,,9000223,,X,,,
avvisare,VER,1758723,,9929116,,1758717,,X,,,
scena,NOM,1577854,,3223608,,10016147,,X,ambito teatrale/cinematografico,,
accurato,ADJ,1759642,,9047818,,9628725,,X,,,
ombrellone,NOM,,,,,,,,,,
tortiglione,NOM,,,,,,,,,,
punire,VER,1633225,,10380881,,9528427,,X,,,
scorretto,ADJ,10092321,,9134146,,9768184,,X,,,
prova,NOM,1764874,,,,,,,prova di matematica,,
cogliere,VER,2056093,,9247648,,9667494,,X,,,
materiale,NOM,379608,,2728287,,9470844,,X,,,
decollare,VER,3743981,,3420838,,10078389,,X,,,
fondare,VER,2433015,,,,,,,,,
inosservato,ADJ,10031944,,10288817,,9643138,,X,,,
particolare,NOM,9963086,,9681076,,9797077,,X,"In particolare, un particolare",,
particolare,ADJ,2456093,,9644694,,9217094,,X,,,
accorgere,VER,3487076,,3264332,,1736257,,X,,,
allievo,NOM,2456093,,896791,,3213019,,X,,,
testimonianza,NOM,9925268,,9831791,,9672170,,X,,,
profilo,NOM,1461855,,,,,,,,,
ventilato,ADJ,,,,,,,,,,
follia,NOM,3343630,,10313315,,9829641,,X,,,
scultura,NOM,9554489,,9641361,,9644730,,X,,,
risalire,VER,9799347,,9570099,,9747785,,X,"risalire le tubature, risalire all’epoca X",,
efficacia,NOM,10299322,,,,,,,,,
collezione,NOM,3897610,,1827034,,621740,,X,,,
generale,NOM,2687418,,9912092,,9261098,,X,in generale,,
negativo,ADJ,2427548,,9588504,,9131858,,X,,,
evento,NOM,1964322,,897248,,2903233,,X,,,
quotidianamente,ADV,4434530,,9771465,,,,,,,
dignitosamente,ADV,9840819,,,,,,,,,
dettaglio,NOM,9641917,,9867627,,9451096,,X,,,
recente,ADJ,2384663,,719474,,3000700,,X,,,
comportamento,NOM,4892548,,2771914,,1055751,,X,,,
affascinante,ADJ,621740,,2998378,,1905383,,X,,,
ricercatore,NOM,1846947,,1846945,,2437684,,X,,,
visitatore,NOM,350408,,10057878,,10058016,,X,,,
vitamina,NOM,4984421,,9763000,,10126451,,X,,,
vaccino,NOM,7192424,,9956294,,10160769,,X,,,
corsa,NOM,2596590,,1570092,,2383461,,X,,,
titolo,NOM,2364212,,6173071,,3264402,,X,,,
ripresa,NOM,10053844,,9385415,,9448427,,X,ripresa video,,
realmente,ADV,9186099,,10221191,,9192987,,X,,,
effetto,NOM,4874141,,3418770,,1904609,,X,,,
celebre,ADJ,10060789,,9256603,,9116839,,X,,,
stancare,VER,1766141,,9385861,,9948702,,X,,,
esporre,VER,900413,,10398286,,,,,esporre al sole,,
fauna,NOM,,,,,,,,,,
asciugacapelli,NOM,,,,,,,,,,
riconoscere,VER,3116608,,1574453,,1699893,,X,,,
evoluzione,NOM,10056808,,10392526,,9549973,,X,,,
seguito,NOM,2121642,,749452,,9976275,,X,in seguito ,,
seguito,ADJ,9293426,,9728773,,10059664,,X,,,
rilevare,VER,10103077,,10438787,,10373748,,X,,,
turno,NOM,2213750,,9420162,,9870639,,X,,,
duro,ADJ,874313,,1312501,,4476394,,X,,,
comunità,NOM,1349822,,4422176,,9878142,,X,,,
personaggio,NOM,10313007,,10054025,,10386456,,X,,,
sposato,ADJ,2421198,,702297,,9788302,,X,,,
re,NOM,1964028,,3027041,,1117127,,X,,,
severamente,ADV,9011606,,10344751,,9803434,,X,,,
rimborso,NOM,10350474,,10247828,,10227278,,X,,,
allegato,NOM,,,,,,,,,,
editoriale,ADJ,,,,,,,,,,
fritto,ADJ,1693145,,9006939,,10050198,,X,,,
attrezzo,NOM,2383804,,10097646,,,,,,,
ladro,NOM,2685546,,350304,,1331175,,X,,,
festeggiato,NOM,,,,,,,,,,
faticare,VER,,,,,,,,,,
ipotizzare,VER,10061601,,10059332,,,,,,,
riferimento,NOM,10365159,,10212324,,9965713,,X,,,
provocare,VER,2328756,,9077664,,9488412,,X,causare,,
gestire,VER,1910190,,3425603,,1539321,,X,,,
latte,NOM,5459958,,3462874,,1791881,,X,,,
saporito,ADJ,9753446,,9677162,,10285308,,X,,,
peso,NOM,3116608,,2449761,,946807,,X,,,
ringraziare,VER,1402851,,1005871,,5571385,,X,,,
incredibile,ADJ,2516175,,10080751,,10253559,,X,,,
manifesto,NOM,10087197,,9135114,,9206173,,X,,,
usanza,NOM,2197529,,9289691,,9829819,,X,,,
viso,NOM,10170486,,9716325,,9700138,,X,,,
tecnologia,NOM,707735,,3202878,,3410107,,X,,,
racconto,NOM,3020705,,3233446,,1196995,,X,,,
spedizione,NOM,9657390,,9667078,,10061394,,X,,,
spaventare,VER,10231051,,10388103,,10240110,,X,,,
vulcano,NOM,3461759,,500255,,9601879,,X,,,
ingrediente,NOM,,,,,,,,,,
metropolitano,ADJ,,,,,,,,,,
universitario,ADJ,373528,,9350927,,9246472,,X,,,
attendere,VER,1014471,,350800,,2212511,,X,,,
salsiccia,NOM,9230300,,,,,,,,,
ghiacciaio,NOM,,,,,,,,,,
successo,NOM,1662750,,1786040,,1312501,,X,,,
concretezza,NOM,,,,,,,,,,
ridotto,ADJ,10045615,,,,,,,,,
affascinare,VER,2197397,,9368288,,9290656,,X,,,
socio,NOM,9229654,,10163255,,9220401,,X,,,
buco,NOM,3477389,,2412089,,609493,,X,,,
targa,NOM,,,,,,,,,,
recuperare,VER,947557,,5074038,,947553,,X,POLYSEMY,,
cadere,VER,4880972,,1083505,,5548986,,X,,,
aumentare,VER,2810520,,9614143,,10386847,,X,steigen,,
carriera,NOM,3426024,,6765902,,9365032,,X,"Karriere, Laufbahn",,
tesoro,NOM,860687,,9156400,,9683085,,X,Schatz,,
antichità,NOM,10093397,,9051453,,9048374,,X,,,
cristallino,ADJ,,,,,,,,,,
edificio,NOM,7044645,,3343661,,905742,,X,Gebäude,,
motto,NOM,10035472,,,,,,,,,
professionista,NOM,9687230,,9833477,,9811261,,X,,,
intraprendere,VER,3426024,,9168851,,9605222,,X,einzuschlagen,,
pallino,NOM,,,,,,,,,,
dibattito,NOM,,,,,,,,,,
caso,NOM,1762755,,756478,,350327,,X,,,
politico,NOM,841779,,724948,,1513625,,X,,,
politico,ADJ,3755088,,978309,,1965622,,X,,,
coltivare,VER,4545345,,966199,,4588241,,X,,,
assolutamente,ADV,4407,,1009587,,839283,,X,,,
attività,NOM,2439819,,1806206,,10143603,,X,,,
infanzia,NOM,1874157,,1252611,,2784781,,X,,,
capace,ADJ,626845,,1073983,,1107157,,X,"in der Lage, fähig",,
sincerità,NOM,9831777,,9785166,,9343125,,X,,,
salto,NOM,9863009,,10439081,,9094869,,X,,,
rivelare,VER,1856762,,7529377,,4962705,,X,,,
arduo,ADJ,9378548,,10310488,,9976120,,X,,,
ovviamente,ADV, ,,,,,,,,,
orso,NOM,1271942,,9592594,,9592600,,X,,,
criterio ,NOM,9794944,,,,,,,,,
zona,NOM,350856,,2420923,,2431187,,X,,,
bussare,VER,2232838,,2393012,,4986390,,X,,,
psiche,NOM,4920805,,10432890,,9890937,,X,,,
recupero,NOM,9098024,,10459689,,10469623,,X,,,
rilasciare,VER,9899565,,9982312,,9012452,,X,,,
ripetutamente,ADV,10252056,,9851564,,9832152,,X,,,
iscritto,ADJ,9776783,,9113079,,10027484,,X,,,
terminare,VER,1493045,,9365340,,9799280,,X,,,
allenare,VER,5739288,,9833458,,10251491,,X,,,
alzare,VER,6217769,,925216,,2417324,,X,,,
esperienza,NOM,1218296,,3274985,,4917024,,X,,,
competitivo,ADJ,,,,,,,,,,
ripopolare,VER,,,,,,,,,,
semestre,NOM,9772210,,9931100,,10168448,,X,,,
acquisto,NOM,5166381,,1607934,,1836112,,X,,,
allestimento,NOM,,,,,,,,,,
risparmio,NOM,4420931,,9708351,,9757793,,X,,,
competenza,NOM,1758450,,1759539,,1759536,,X,,,
serie,NOM,10391359,,9002761,,9899477,,X,,,
inconfondibile,ADJ,10057165,,,,,,,,,
riciclabile,ADJ,2728287,,,,,,,,,
coinvolgere,VER,1957883,,1347962,,10164192,,X,,,
offerta,NOM,1978571,,1889164,,9941526,,,,,
mondiale,ADJ,1411785,,4634765,,3093976,,X,,,
evidente,ADJ,425382,,9184666,,9788324,,X,,,
arcobaleno,NOM,1964663,,,,,,,,,
favorire,VER,2437991,,10088985,,,,,,,
salvezza,NOM,9647087,,10446211,,9362748,,X,,,
gareggiare,VER,,,,,,,,,,
promozione,NOM,,,,,,,,,,
architetto,NOM,3531104,,2416308,,,,,,,
elettronico,ADJ,10320200,,,,,,,,,
telecamera,NOM,10398611,,10494500,,10400433,,X,,,
spostamento,NOM,2213603,,,,,,,,,
arrotolato,ADJ,,,,,,,,,,
osservare,VER,2191939,,1520339,,2974371,,X,,,
stressante,ADJ,9449967,,9180867,,10482201,,X,,,
discarica,NOM,9647931,,,,,,,,,
ritenere,VER,2434624,,1636926,,1919312,,X,,,
scavare,VER,3021788,,9660103,,9079325,,X,,,
continuo,ADJ,9717294,,9207722,,9340641,,X,,,
accogliere,VER,3640927,,9261115,,10324199,,X,,,
caloria,NOM,9187790,,,,,,,,,
fattorino,NOM,9187388,,,,,,,,,
pubblicare,VER,9924609,,9855280,,9434361,,X,,,
denuncia,NOM,10404399,,9716342,,9742675,,X,,,
riunire,VER,9650375,,10022228,,9047062,,X,,,
centinaio,NOM,,,,,,,,,,
durata,NOM,1878239,,9586770,,9899558,,X,,,
fastidioso,ADJ,10052795,,9547931,,,,,,,
vincitore,NOM,1265197,,10076710,,10354586,,X,,,
vincitore,ADJ,1265197,,10076710,,10354586,,X,,,
ospitare,VER,10047807,,9553533,,9654734,,X,,,
viale,NOM,9040076,,9765758,,,,,,,
olimpiade,NOM,9187790,,,,,,,,,
spettacolare,ADJ,,,,,,,,,,
leggibile,ADJ,,,,,,,,,,
comunque,ADV,381915,,946696,,9972543,,X,,,
visionario,NOM,,,,,,,,,,
intervenire,VER,1762755,,2144743,,3022744,,X,,,
cuoco,NOM,9197696,,9782778,,10116393,,X,,,
economico,ADJ,6000632,,3067300,,1655235,,X,,,
formale,ADJ,9355197,,9937378,,10366000,,X,lettera formale,,
cartaceo,ADJ,,,,,,,,,,
telegrafo,NOM,9113078,,9860368,,9365154,,X,,,
esponente,NOM,9981032,,,,,,,,,
lassù,ADV,9949307,,9771589,,10319834,,X,,,
dignitoso,ADJ,9240877,,9890833,,9120076,,X,,,
funzionare,VER,1879191,,4316962,,5175653,,X,,,
proibire,VER,3860569,,1020591,,10453360,,X,,,
eccellente,ADJ,9695295,,9069456,,10048988,,X,,,
cenetta,NOM,10163308,,9753495,,9569849,,X,,,
soddisfatto,ADJ,9293706,,9685456,,10387056,,X,,,
perdita,NOM ,1416105,,520925,,9554553,,X,,,
adatto,ADJ,9556249,,9971682,,9137592,,X,,,
capotreno,NOM,,,,,,,,,,
affidare,VER,628056,,3501636,,10172641,,X,,,
allarmante,ADJ,9717628,,,,,,,,,
codardia,NOM,9318428,,9318146,,,,,,,
certamente,ADV,2430136,,2434724,,9370107,,X,,,
serra,NOM,10111953,,9559321,,,,,,,
incuriosire,VER,4544715,,,,,,,,,
regola,NOM,1872727,,425561,,5860624,,X,,,
brillante,ADJ,10030666,,9152955,,9590198,,X,,,
fungo,NOM,9778487,,9778486,,2440229,,X,,,
dapprima,ADV,1758790,,10252018,,10253083,,X,,,
ripagare,VER,9892957,,9881151,,9737802,,X,,,
amarezza,NOM,3561437,,,,,,,,,
rifiuto,NOM,4417525,,,,,,,,,
commissionare,VER,,,,,,,,,,
riguardare,VER,3022744,,10421345,,10376324,,X,,,
accorgere,VER,1739764,,2723001,,4962399,,X,,,
aggiungere,VER,9912070,,10257957,,9939679,,X,,,
disperatamente,ADV,9185436,,9409876,,10266357,,X,,,
steccato,NOM,9595352,,,,,,,,,
destino,NOM,9264359,,10362615,,10316561,,X,,,
guerra,NOM,621023,,4618723,,3296188,,X,,,
preparato,ADJ,9458302,,9251283,,10086314,,X,preparato per un esame,,
emozionato,ADJ,,,,,,,,,,
eterno,ADJ,1434757,,9106139,,9906260,,X,,,
dio,NOM,1746594,,10226236,,9465089,,X,,,
allerta,NOM,9297876,,9488784,,9768061,,X,,,
salmone,NOM,10143352,,,,,,,,,
ricostruire,VER,9066323,,9431156,,9189998,,X,,,
commissione,NOM,10114024,,,,,,,,,
aspetto,NOM,2418855,,2057131,,1854331,,X,,,
impegnativo,ADJ,9803487,,9305529,,10385804,,X,,,
navigare,VER,9478329,,9420488,,10205873,,X,,,
intervistato,NOM,,,,,,,,,,
sarto,NOM,9975944,,9309579,,9161025,,X,,,
tiramisù,NOM,,,,,,,,,,
naturale,ADJ,3805148,,6473496,,9990151,,X,,,
società,NOM,707735,,905685,,1309724,,X,,,
limite,NOM,119949,,2209652,,9785743,,X,,,
seppellire,VER,9473784,,10076483,,9205558,,X,,,
cordiale,ADJ,9366550,,9728004,,9450375,,X,,,
fidanzare,VER,10324387,,947388,,,,,,,
agio,NOM,9181368,,10171313,,9916053,,X,,,
gemellare,VER,,,,,,,,,,
diventare,VER,2426659,,2291791,,4634610,,X,,,
dimagrimento,NOM,,,,,,,,,,
nemmeno,ADV,2476415,,411337,,10101298,,X,,,
allarmare,VER,,,,,,,,,,
approfondimento,NOM,,,,,,,,,,
grido,NOM,,,,,,,,,,
ripassare,VER,,,,,,,,,,
cruciverba,NOM,10028380,,,,,,,,,
meraviglia,NOM,,,,,,,,,,
scaricabile,ADJ,,,,,,,,,,
scritta,NOM,9463621,,10062473,,,,,,,
parere,NOM,3469724,,2057137,,1759542,,X,,,
parere,VER,4685,,539011,,2421482,,X,,,
recensione,NOM,,,,,,,,,,
crescere,VER,5503168,,2420345,,1525878,,X,,,
aumento,NOM,9930835,,9799263,,9039930,,X,,,
vantaggio,NOM,707735,,662895,,1740933,,X,,,
adolescente,NOM,1512391,,,,,,,,,
elencare,VER,2140478,,1512391,,,,,,,
completamente,ADV,2195390,,4880697,,2018234,,X,,,
minore,ADJ,945463,,622691,,10481740,,X,,,
pari,ADJ,10412654,,9944187,,9275032,,X,,,
guarire,VER,2056107,,3408568,,9085680,,X,,,
nido,NOM,9287260,,9496544,,9268353,,X,,,
lettura,NOM,3307383,,1566477,,10069510,,X,,,
portafoglio,NOM,9591505,,10290908,,9132124,,X,,,
trasferire,VER,2510391,,7124347,,630482,,X,,,
apprezzato,ADJ,9301354,,,,,,,,,
canale,NOM,,,,,,,,canale del fiume,,
modalità,NOM,,,,,,,,,,
parecchio,ADV,3420373,,4684,,9429487,,X,,,
apprendistato,NOM,,,,,,,,,,
vespa,NOM,9379836,,9379920,,,,,,,
condividere,VER,1342569,,3655157,,9527871,,X,,,
costituzione,NOM,,,,,,,,costituzione fisica,,
breve,ADJ,1444371,,3531180,,10350171,,X,,,
costruire,VER,4414374,,3030501,,2452568,,X,,,
servizio,NOM,2991018,,9576415,,9385105,,X,,,
inutilmente,ADV,10075214,,9111671,,9440070,,X,,,
aperto,ADJ,1635004,,2419129,,3174310,,X,,,
speciale,ADJ,5022229,,3350454,,1936770,,X,,,
instabile,ADJ,9799334,,10260264,,10217251,,X,,,
interno,NOM,4919695,,1212450,,1449280,,X,,,
etico,ADJ,9113288,,,,,,,,,
sistema,NOM,6606471,,3279900,,3711321,,X,,,
occasione,NOM,3883324,,957621,,1309622,,X,,,
milanese,ADJ,,,,,,,,,,
ferito,ADJ,1085944,,9530197,,9171199,,X,,,
formato,NOM,,,,,,,,,,
costruzione,NOM,3410107,,3409487,,9545892,,X,,,
regista,NOM,,,,,,,,,,
frazione,NOM,,,,,,,,,,
professionalità,NOM,,,,,,,,,,
esprimere,VER,2797466,,1525535,,377556,,X,,,
mossa,NOM,,,,,,,,,,
ozono,NOM,,,,,,,,,,
annuncio,NOM,9317771,,9494882,,10181892,,X,,,
centrale,ADJ,878861,,1765036,,9141719,,X,,,
disturbare,VER,418987,,10492061,,9187475,,X,,,
pianeta,NOM,1208114,,1616478,,3711321,,X,,,
orecchino,NOM,10478352,,9374166,,10494338,,X,,,
velocemente,ADV,2232913,,2782288,,880158,,X,,,
rilassare,VER,,,,,,,,,,
trucco,NOM,4380077,,10113165,,9319893,,X,,,
autorevolezza,NOM,,,,,,,,,,
oblio,NOM,,,,,,,,,,
garanzia,NOM,10090835,,,,,,,,,
disperazione,NOM,9290112,,10040670,,9877938,,X,,,
civico,ADJ,,,,,,,,,,
specie,NOM,10056666,,10059570,,10060527,,X,,,
ripercuotere,VER,,,,,,,,,,
ricoprire,VER,4423534,,2072386,,654356,,X,,,
esercitare,VER,9077034,,,,,,,,,
componente,NOM,,,,,,,,,,
quotidiano,ADJ,903213,,3102126,,9229300,,X,,,
stringere,VER,10025145,,,,,,,,,
invasione,NOM,,,,,,,,,,
biologico,ADJ,4193164,,1916324,,10467745,,X,,,
formazione,NOM,9307176,,,,,,,,,
lamentare,VER,2272165,,2784627,,2784829,,X,,,
semplificare,VER,,,,,,,,,,
smarrire,VER,4579898,,5962427,,,,,,,
avventuroso,ADJ,9257273,,,,,,,,,
valere,VER,2510168,,395759,,4698,,X,,,
asino,NOM,,,,,,,,,,
bevanda,NOM,10265421,,9781712,,3807090,,X,,,
durare,VER,5572747,,1803977,,4665,,X,,,
commento,NOM,4904194,,9513233,,9131858,,X,,,
congresso,NOM,9563573,,,,,,,,,
autista,NOM,5665637,,2584485,,10478113,,X,,,
magico,ADJ,9682061,,9576286,,9310333,,X,,,
astronomia,NOM,382269,,,,,,,,,
danneggiare,VER,2449136,,9750977,,9616143,,X,,,
conoscenza,NOM,1766542,,2439819,,2430335,,X,,,
vedova,NOM,2420287,,9216674,,1341673,,X,,,
ricercare,VER,9804016,,,,,,,,,
movimento,NOM,10103077,,9709959,,10031806,,X,,,
tubatura,NOM,,,,,,,,,,
fagiolo,NOM,9929999,,,,,,,,,
aeronautico,ADJ,,,,,,,,,,
ingenuamente,ADV,,,,,,,,,,
prestigio,NOM,10376229,,9131473,,10330828,,X,,,
sufficiente,ADJ,2209458,,2205811,,806704,,X,,,
originale,ADJ,2510733,,9819356,,9148156,,X,,,
argomento,NOM,3030588,,5683687,,713992,,X,,,
determinato,ADJ,4829515,,9147806,,10319701,,X,,,
applicato,ADJ,,,,,,,,,,
caratteristico,ADJ,9293793,,,,,,,,,
teorico,ADJ,1296406,,9805453,,,,,,,
camoscio,NOM,,,,,,,,,,
raro,ADJ,5489727,,410156,,1006622,,X,,,
disponibile,ADJ,1309711,,3338022,,9800328,,X,,,
sostenibile,ADJ,1677491,,,,,,,,,
compagnia,NOM,1371720,,10344794,,373843,,X,,,
osservatorio,NOM,9071265,,,,,,,,,
ricetta,NOM,2898231,,1722491,,4901230,,X,,,
giudizio,NOM,3690971,,3280580,,1826046,,X,,,
pessimo,ADJ,2272165,,9960985,,10386500,,X,,,
cipolla,NOM,,,,,,,,,,
specifico,ADJ,849245,,10468827,,9529124,,X,,,
prevendita,NOM,,,,,,,,,,
pubblico,ADJ,377548,,2685976,,672098,,X,,,
pubblico,NOM,4900533,,2221831,,633849,,X,,,
idoneo,ADJ,10369587,,,,,,,,,
archeologo,NOM,10192014,,,,,,,,,
burocrazia,NOM,2402142,,10404399,,,,,,,
situare,VER,633171,,5777580,,3075956,,X,,,
invito,NOM,1720850,,9038444,,9770643,,X,,,
diritto,NOM,969497,,664227,,4971462,,X,,,
partecipare,VER,3314117,,2596590,,2784736,,X,,,
metodo,NOM,1185159,,3471281,,4917024,,X,,,
rientrare,VER,10061961,,9438592,,10145480,,X,,,
ingresso,NOM,3807090,,1565168,,10022901,,X,,,
svolgimento,NOM,,,,,,,,,,
pietoso,ADJ,9708339,,,,,,,,,
dolorante,ADJ,9300367,,,,,,,,,
scontato,ADJ,10135575,,10211692,,9192316,,X,,,
merito,NOM,,,,,,,,,,
fermamente,ADV,9211579,,9558338,,9459871,,X,,,
ferocia,NOM,,,,,,,,,,
dintorno,NOM,2219171,,,,,,,,,
brevettare,VER,,,,,,,,,,
maniera,NOM,2398375,,9030682,,10175375,,X,,,
scheda,NOM,,,,,,,,,,
partecipazione,NOM,1510811,,9490770,,10310309,,X,,,
genere,NOM,,,,,,,,,,
raffigurare,VER,,,,,,,,,,
attore,NOM,2159856,,3969577,,10053375,,X,,,
apparire,VER,,,,,,,,,,
magno,ADJ,,,,,,,,,,
nascondere,VER,3094002,,714654,,3055626,,X,,,
intervistare,VER,9787745,,10494395,,9742499,,X,,,
coniuge,NOM,9024919,,9971526,,,,,,,
commovente,ADJ,,,,,,,,,,
regina,NOM,399641,,419087,,2514928,,X,,,
soddisfare,VER,2917018,,7783813,,10040220,,X,,,
condizionatore,NOM,9800828,,10213131,,,,,,,
passione,NOM,439745,,9510388,,9185119,,X,,,
attivare,VER,,,,,,,,,,
specificare,VER,,,,,,,,,,
pralina,NOM,996850,,,,,,,,,
raccogliere,VER,1494023,,10217572,,9471370,,X,,,
cieco,ADJ,888028,,,,,,,,,
inventato,ADJ,904463,,710704,,,,,,,
decisione,NOM,2263934,,874327,,5634024,,X,,,
scelta,NOM,1794015,,2178310,,5489729,,X,,,
circolare,VER,,,,,,,,,,
trattoria,NOM,,,,,,,,,,
uso,NOM,1758717,,4925416,,2442466,,X,,,
sociale,ADJ,1082662,,1541390,,,,,,,
gradino,NOM,10349852,,9354817,,9254267,,X,,,
crisi,NOM,3030588,,2416904,,3067300,,X,,,
comporre,VER,1220037,,399278,,9092276,,X,,,
assicurato,ADJ,,,,,,,,,,
rispetto,NOM,3511672,,1919313,,10444115,,X,,,
nascondino,NOM,,,,,,,,,,
disabile,NOM,,,,,,,,,,
oroscopo,NOM,10478029,,,,,,,,,
pesare,VER,6579230,,9269355,,9027906,,X,,,
influire,VER,10264304,,9602666,,9968209,,,,,
meraviglioso,ADJ,4542464,,2189066,,1064165,,X,,,
ingegneria,NOM,4750138,,10058518,,10061328,,X,,,
architettonico,ADJ,9839809,,9169295,,,,,,,
capricorno,NOM,,,,,,,,,,
scarico,NOM,1827251,,9561139,,,,,,,
promettere,VER,503218,,1758735,,2443751,,X,,,
dovunque,ADV,9842944,,9890686,,10017321,,X,,,
studioso,ADJ,,,,,,,,,,
imbiancare,VER,9222643,,9708848,,9389299,,X,,,
noia,NOM,9058395,,10124718,,10423011,,X,,,
applicazione,NOM,2132684,,,,,,,,,
rivista,NOM,3026803,,6784153,,3057572,,X,,,
presidente,NOM,2443751,,670815,,640594,,X,,,
capitale,NOM,5127392,,993734,,3749157,,X,,,
preoccupante,ADJ,9745387,,9709813,,10158678,,X,,,
portale,NOM,,,,,,,,,,
turistico,ADJ,750418,,9450252,,4589388,,,,,
musicale,ADJ,2205998,,9689283,,9263296,,X,,,
segno,NOM,2510036,,2845189,,4404,,X,,,
somigliare,VER,,,,,,,,,,
paesaggio,NOM,4962557,,10111275,,9028940,,X,,,
realizzare,VER,2443843,,1158358,,1850353,,X,,,
spalla,NOM,1278503,,9283068,,10340428,,X,,,
discolpare,VER,,,,,,,,,,
beffa,NOM,,,,,,,,,,
fondazione,NOM,,,,,,,,,,
dichiarare,VER,1513625,,3268828,,9855627,,X,,,
impegnato,ADJ,4440,,2918833,,10348879,,X,,,
